merge_dir,jdime_num_conflicts,jdimeimproved_num_conflicts,spork_num_conflicts
rackerlabs/atom-hopper/303147dc067d2f8ca2a5d0b3dbbd852d0129a34d/PostgresFeedSource.java_bd1651d9d7a10f150493daa1d7241edd23fc5353,6,6,6
rackerlabs/atom-hopper/4f8b36f13b64ece48c57414d76e022cd92dd49a9/HibernateFeedSource.java_d9d4c45154ec38e7d54dfee24ebf3232c1be7bd8,0,0,1
rackerlabs/atom-hopper/648acdc9990963433025ba2d00a0cd1219059e9b/JdbcFeedSource.java_b5300f356f94dc03c1ce319c2a92d8b7fb21d63b,3,1,3
google/closure-compiler/eebd40b7c9512e771d2b64d9200bc3802c37651b/IntegrationTestCase.java_817d8f76b3f64bba037c3d955fb3b5f1b79fd9f6,12,12,0
google/closure-compiler/f7a42e07126fe196ec3ba3c791514347773f3140/CommandLineRunner.java_b259914607ed71e1888749933d9c5584b00a1fe1,4,3,0
mybatis/mybatis-3/2da2275185e8bb185d51eb522120ac32e5635225/Jsr310TypeHandlerRegistryTest.java_97ae4256a0dfa1e85fe03928bffb29c45d45f67f,3,3,0
mybatis/mybatis-3/b165e81780681be5e9da160a1ce46b49b27a4d25/Delete.java_c4977bbd4a05bfa33a0976116f67f056bff25592,0,0,1
mybatis/mybatis-3/b165e81780681be5e9da160a1ce46b49b27a4d25/Insert.java_93361c4958388962da2a9de2149e74c25a1b867f,0,0,1
mybatis/mybatis-3/b165e81780681be5e9da160a1ce46b49b27a4d25/MapperAnnotationBuilder.java_81bf4d0af01a78706c66c13cfbf18eccbe119456,2,2,1
mybatis/mybatis-3/b165e81780681be5e9da160a1ce46b49b27a4d25/Select.java_021d7909a799c709bea1ecf9fe3f26f6a9c13c93,0,0,1
mybatis/mybatis-3/b165e81780681be5e9da160a1ce46b49b27a4d25/SelectKey.java_5cb7bc13eb8fe312bd294fb4bb9f56a93b6726e4,0,0,1
mybatis/mybatis-3/b165e81780681be5e9da160a1ce46b49b27a4d25/Update.java_b5edec467aa8dfbf0528553549e1266307d33213,0,0,1
mybatis/mybatis-3/eb01a825d3c469c078f33f0fc5fc2d9f88af1d72/JdbcType.java_b149af922c3bafa672e9287337ab30bbe4812685,0,0,1
liquibase/liquibase-hibernate/2b0fd5a71d8302d1ddfa16f9d2e6cdd9a11e9553/TableSnapshotGenerator.java_708b00c5136976afa1f15a117c517fce66441caf,1,1,1
liquibase/liquibase-hibernate/a5f5fa4206fb0b71d527f0159d6d349d36dcb6b3/UniqueConstraintSnapshotGenerator.java_8a9b62058727824064cf23009a4a3a0a7f032980,2,2,0
larsga/Duke/6767497ccc440c9a64ec7526a7feab97a9cce367/ConfigurationImpl.java_73c225b8994c5636c659554d5f6766959b6b4637,1,1,0
larsga/Duke/c50c5d2d9d43c2bb251e5d0d196622ab06e078d3/DatabaseTest.java_5bbb95993d925be7a06a5dffd161f315d3116429,1,1,0
larsga/Duke/f9253d86531b8c72ebf2ecef64f82d1a8e7ae3f4/RegexpCleanerTest.java_3997dfae144e232b9e2efc297519200981a3dcf5,1,1,0
Spoutcraft/LegacyLauncher/384475a5de173cb5adb28b972e4501380e9dd3fe/LoginForm.java_3b03555b613d2696c2f9bee9cdcdb5c69c33247e,1,1,0
Spoutcraft/LegacyLauncher/52fe591df20eb7bc72c422e6a73e7975c2b3b405/LoginForm.java_38b3ed8d7ca1ae998e377dda9a98541e437ca536,0,0,1
Spoutcraft/LegacyLauncher/b306613d4d65a6d1f1a6149677dc2f007b305299/LoginForm.java_3b03555b613d2696c2f9bee9cdcdb5c69c33247e,3,2,0
aaberg/sql2o/82a381f94e6ed7b51025e0a6e17d11bd97534bcd/PojoMetadata.java_a1e6273769cde264395003519d717d615489f804,4,3,2
aaberg/sql2o/8c49de454b71f3d005808aff8b1dd7f8ff140b30/Query.java_4f683128533e4023ffa290592c9dd59a6077436a,0,0,0
aaberg/sql2o/ad686ef0154bb2dbaaca6fd1e92b62fff0cc8be2/Query.java_759b98bd1dae53cd8d316edb8ee22713491d3aad,1,1,2
dankurka/mgwt/e1a6f74061c794548956e188e0261c652efda744/Slider.java_3432d581bf7dc5c7edaff0a40ca7671b2cd07b7a,1,1,0
mgodave/barge/f31feb51cf63b7f301c23b95cad6aff8705291ee/Candidate.java_9ac20a0ae22a728fdbebd48794c1e5afb8ebccac,1,1,1
mgodave/barge/f31feb51cf63b7f301c23b95cad6aff8705291ee/Follower.java_050b74a01c84a729d8e1880c0b9942c3f64bccfe,2,2,0
mgodave/barge/f31feb51cf63b7f301c23b95cad6aff8705291ee/Leader.java_38db209eda69782a151029779dea3f5d2a9ea564,2,2,0
mgodave/barge/f8f99ac8518a4ca78c84ec73ccbe503a53046352/Follower.java_050b74a01c84a729d8e1880c0b9942c3f64bccfe,0,0,0
iipc/openwayback/0ec2810f71130df86cacf7021861cefe584703ab/ArchivalUrlCSSReplayRenderer.java_26b22f5718b9b23209699372e77388aa05f0c4a7,1,1,0
iipc/openwayback/0ec2810f71130df86cacf7021861cefe584703ab/CharsetDetector.java_29615a79a12c4dc3fbd9b4a90c81b06080e19835,1,1,0
iipc/openwayback/0ec2810f71130df86cacf7021861cefe584703ab/MementoUtils.java_04da47a133c79169f8f2bfce146f498f8371d0f3,1,1,0
iipc/openwayback/2c45850efc6380887deb2be2c77cacaa12835c35/AccessPoint.java_860dd209cd9e21ab91bdc7653989f12712226b61,0,0,0
iipc/openwayback/3066bc09685c71523b8b47597f5f813867b5c94b/AccessPoint.java_860dd209cd9e21ab91bdc7653989f12712226b61,2,1,0
iipc/openwayback/70cc191f50309e2b99e351f1ec9c48fa31ab5e0f/MementoUtils.java_04da47a133c79169f8f2bfce146f498f8371d0f3,9,9,7
iipc/openwayback/7311b31417dd9bd3d1ecbea28bf8d271f1fd32d4/FastArchivalUrlReplayParseEventHandlerTest.java_e775e43afc268413cb4a91e927dbb3ea194c65a4,0,0,1
iipc/openwayback/952cf350fc2a38f5ddcfd9b90abcf03735f50667/MementoUtils.java_04da47a133c79169f8f2bfce146f498f8371d0f3,9,9,8
iipc/openwayback/b4ba7a30afb68d5d022c5157665793f801d7f48b/WaybackRequest.java_e9a6ea78bcba2e61150e8a7e1b7093274ae3c295,1,0,0
masterthought/cucumber-reporting/3298fe3a80390387beed6f4c0194386461fdcd85/StepTest.java_73cf3c846276e2bc5ea03c13f7beb7162ed7fb06,1,1,1
masterthought/cucumber-reporting/78e3dc94e23908b6afcefd9725537bc3d674ff77/Util.java_23f8ffc9453f353d601751031f3c666131e37980,1,0,1
masterthought/cucumber-reporting/9fa019efbb3e9219643a69303c549bdb7b6515a2/StepOverviewPage.java_8dd34e623797faf3715fabf6749db66b25ad8470,2,2,0
bennidi/mbassador/86ac61c24827efc6e866a2b1580b7a4f50f3f840/MetadataReader.java_8b76e4385e1ffc1dfffba9f2177b94383c17acc1,1,1,0
magefree/mage/4243a1d3a32fd3245cb8b798be967ff2c59b3277/MasterBiomancer.java_7faf8a03291197533b5166c59292b913bc59be70,2,2,0
jitsi/jitsi-videobridge/2e68d3dbd7fef457c64265aea976884c3745c482/Conference.java_4273146bcb8e621c5326b754a0571bd1afa77c6e,2,1,0
jitsi/jitsi-videobridge/2f4c1b5b0508acd0f54929d77a32bdd91e43f5be/MediaStreamTrackFactory.java_5c793639cf71ef5e27d68f778255f9d64d732a8f,0,0,0
jitsi/libjitsi/19656f2b9b10846db45f59f0ff9bab06e06d9e6b/RawPacket.java_41150abecddb686c869df512737ed7b52afde6e5,1,1,0
spotify/docker-maven-plugin/86d4bb7ccfb5ffa45172bfc6202dd636b584572d/BuildMojo.java_c2a9c707177ac4ea8a8ffe410e9388ead3f094ae,1,1,0
spotify/docker-maven-plugin/86d4bb7ccfb5ffa45172bfc6202dd636b584572d/BuildMojoTest.java_de09e5f90fa0d8eaaed1720eaeb606cc77d3f85b,1,0,0
spotify/docker-maven-plugin/ea04954ff13c9297658f3bea150b8c072df6e0fa/BuildMojo.java_c2a9c707177ac4ea8a8ffe410e9388ead3f094ae,2,1,0
protostuff/protostuff/5eb27a320214e395e5e032344483f76101fa0912/ByteArrayInput.java_82cdc1c0508984342c85a97b648c3ebdab82fe54,0,0,2
protostuff/protostuff/5eb27a320214e395e5e032344483f76101fa0912/ByteBufferInput.java_c219b7e347f6b521733f676cd16c1cd9b24eed51,0,0,2
protostuff/protostuff/73aac0fce080c89d856844998785b41a12f705fe/ProtoCompilerMojo.java_db59df9b55a07dc746663dfb54b2237717889e66,1,0,1
jalkanen/speed4j/18370b95449b0062c7f3286734bb393cf47e02a1/PeriodicalLog.java_e4b89f9198df9df93886d4d04df5dd4d58c9c628,2,1,0
tumblr/jumblr/f6efe42bf1b29e52b72832b8c1754fc93cd3ec4b/Photo.java_f7aa8698fc3aabceb24e5def7e3dc68171db7b97,2,1,0
wso2/siddhi/63ca4d83fd541621b9527a3e32ab0226a18bbf60/FilterTestCase.java_412a2ae5a8f1f19676e5a42610651d052318a53f,0,0,0
wso2/siddhi/d8a676ac46f8c5dff401f9f4d47c297eca9ae2d5/SiddhiContext.java_a0d6847e99df67f59e86f6c89e56b21a906da1f3,1,1,0
wso2/siddhi/d8a676ac46f8c5dff401f9f4d47c297eca9ae2d5/StreamJunction.java_e33609893d6290b2114712cbda6de6a268433937,1,1,0
jenkinsci/promoted-builds-plugin/4f62ff6259e7336e9378f5d9810dda9d7dbff61d/Promotion.java_c044ba726340735f0f56d3f198b0f8d76aedbfdb,0,0,1
jenkinsci/jclouds-plugin/9ee4a3760bad4876c8867dd2d0de0aa4fdf98fbd/JCloudsSlaveTemplate.java_267956555ddc8e267d7b4082376f0831b6a7bcba,0,0,2
jenkinsci/jira-plugin/06325901a1184b59e62ee5d21380b6b827a55dfe/JiraSession.java_669a56fb63ece0b65fe9efb37461d06405ad7ad0,0,0,1
jenkinsci/jira-plugin/06325901a1184b59e62ee5d21380b6b827a55dfe/JiraSite.java_40838f80a7eafba52f5d51c4e6c267b58473c47c,2,0,1
jenkinsci/jira-plugin/06fe2a20ca6948a1d5bfa041ba8fbe33b6a7b901/JiraVersionParameterDefinition.java_557c47f043c7a306da48ddd98b8392d3149291ff,0,0,2
jenkinsci/jira-plugin/0d75ad84d42b0cbad262650b5e7f94d2d146a264/JobIssueSelectorTest.java_f07e4b76517e3f10ff5fd1e509a5011241bb42cd,1,1,0
jenkinsci/jira-plugin/0d75ad84d42b0cbad262650b5e7f94d2d146a264/UpdaterTest.java_93186db37af4f06f008ab0c20faf215ae6eee372,1,1,0
jenkinsci/jira-plugin/2fd3df9b520343ea8e7f9cafb8fca1a3de5cdc9d/VersionCreatorTest.java_5adcb68294a57153297deb88bd87a817857edef5,2,1,0
jenkinsci/jira-plugin/da1ae78b723ae5931ca08199a3c6faf0169be759/JiraSite.java_40838f80a7eafba52f5d51c4e6c267b58473c47c,1,1,0
jenkinsci/email-ext-plugin/64641f05edafd8157ed50fb64238aa22d9f342af/CulpritsRecipientProvider.java_6b9899ea165ab766d1b5d17262a0d732ab925ba9,1,1,0
jenkinsci/email-ext-plugin/fdc06d53b43dde032439ece0314c78100327f580/FailedTestsContent.java_aa3eaf28568039b0886c45f879f4d4a88e1560b6,3,0,4
brianfrankcooper/YCSB/36194ed208dc4c57eca668af7d09f5ca94feda34/HBaseClient10.java_efbe6b024bba283c9660eb83884c173a497c04e3,3,2,1
brianfrankcooper/YCSB/56ebd56d860aa983bf253aa0325ab2014a3ebc31/OneMeasurementHdrHistogram.java_1b04bda8ad1824f944086dafb549dbab8adbf5cf,0,1,0
brianfrankcooper/YCSB/675b0fd0219e68c9497c7e21a68c8fa99902561f/GeodeClient.java_ae3258ad555551d8fe40935fca8df27d62ac1039,1,1,0
brianfrankcooper/YCSB/cd5e9d6f5e4d16b4fe6a115f87adf333bcd3f35b/CoreWorkload.java_d82dbd1c117b341e352a010336d6d55c9a2a2ddd,0,0,1
simpligility/android-maven-plugin/457df1cc943e2d623c90a21fb34f9b91af491964/ApkMojo.java_6ff547fc6111f3f8ee7213540b9f5d86c39bc7b6,1,0,0
simpligility/android-maven-plugin/677dd335d1846be313a29ca0794f9425541ea054/ApkMojo.java_6ff547fc6111f3f8ee7213540b9f5d86c39bc7b6,1,1,0
simpligility/android-maven-plugin/806aeaab149e3fd5bfbf3d56e9ef85506d8f1dbd/AbstractAndroidMojo.java_dd1e86108deec4342a862764db505352ed9f4c4a,2,2,0
simpligility/android-maven-plugin/87392ca4d18ae26e85c8d6409689cceba30fd24e/ApkMojo.java_6ff547fc6111f3f8ee7213540b9f5d86c39bc7b6,1,1,0
simpligility/android-maven-plugin/d0f2b7cfeea4b187211cacb0f437af7d3a1ebfcb/GenerateSourcesMojo.java_f20d3108635b2c2ac7bd0687d74ccdc3abd4908c,1,0,0
simpligility/android-maven-plugin/e92df7c080234a2158625f081eaebb03346c0ae4/ManifestUpdateMojo.java_0205dbe6c27c10dc7b9ca8ae67d2cb108d0f5cd6,3,3,0
komoot/photon/174316ed278ad562c5866b9240a1155c4dc9b6aa/App.java_ee56adfa1df9ae3d043c8d39bf94b02f41594725,1,1,0
komoot/photon/1dc5368dadf268c95ad07fcd072321e40004aea3/RequestHandler.java_cf3734114636a52123ead7a7a9dfe9c2da60bef3,6,0,3
komoot/photon/644d88b36da44a2717802c843221a895b9b01f45/CommandLineArgs.java_aec81a5a013e440673dc64cb5cc31fe37e432353,2,1,0
komoot/photon/644d88b36da44a2717802c843221a895b9b01f45/Importer.java_e882e01561d57dab05e0d14e0761a8aecb253b9e,1,0,0
komoot/photon/ad5a9aedeaa8d5b1bcf2fb4043979a74c52b13a8/NominatimConnector.java_392d85ce0e4ea74fd62f2d04c31bfc47e4c8ea9d,0,0,1
searchbox-io/Jest/1b0506c68eb72d23f20a59cd4206f6536ae5d481/GetIntegrationTest.java_90153f8a45f322ef51dcb187bff457f7bb37a46f,0,0,0
searchbox-io/Jest/852131bdaffef20e62d3374809d46d3ccfcd65a7/Cat.java_03db04dedff41b2ba69f1e4aae53869593684120,1,0,1
jsevellec/cassandra-unit/4e87b46fe206e0acf5cdbd1e8c396be97410a5e4/DataLoaderCompositeTypeTest.java_d7f2d37aca79d7d9401810d75f000b5c57851fb3,4,4,3
jsevellec/cassandra-unit/4e87b46fe206e0acf5cdbd1e8c396be97410a5e4/EmbeddedCassandraServerHelper.java_5408cc4a781578cc6480842d8eff2c4063cfb1c0,0,0,2
addthis/stream-lib/a946396485c9f3cb1aeb11230a19233a0c9c88c0/HyperLogLogPlus.java_7494febd2fca844b53f56aaf8a87a601abc7e44b,3,0,1
perf4j/perf4j/08c350e707562aa0e63880efd8d724ebcf3f5703/AopTest.java_6f18240184b2571781c97a22ebd1ffb4d7adbdf8,4,2,1
sk89q/commandhelper/5b5c7753ea3ec8dcbe75a78cf4beda12979181ad/EventBuilder.java_d8962be3fd6d23c4574941a37127bec750fc9048,1,0,0
oxo42/stateless4j/4c7880ec0e20cabecb1c31043e95ff6b8a707543/DynamicTriggerBehaviour.java_748b25a53228daf1aeca2c004660ec84eedb9cdf,0,0,1
oxo42/stateless4j/4c7880ec0e20cabecb1c31043e95ff6b8a707543/IgnoredTriggerBehaviour.java_f8d3683a708f5c6b013f3489dd704beba89ffc37,0,0,1
oxo42/stateless4j/c3e521ee3857f94babe0ffe5e8e18960dd2ac186/StateMachine.java_4411515afb72d6c2d9a481f6cef038a4c885520e,1,1,0
zonski/javafx-maven-plugin/7cb13ee9389abb80f9a4b2183dca8fe2d906ea97/JarMojo.java_ec17e1bd9966d518498c80edb545339e40583e3e,1,1,0
zonski/javafx-maven-plugin/e1ab9e3d26fc6ffbcfd1453efdb27c0ebdeda1ec/NativeMojo.java_aa9d7a2dfa9aa9822b9edd81d0b60b9a167ad491,1,0,0
TooTallNate/Java-WebSocket/1196574c3436f87682e1487f5ed0e179ea870ed3/WebSocketClient.java_c167c5df4e39261a8bd112f5dba9151497fe9408,1,1,1
TooTallNate/Java-WebSocket/89418985308acfa964186a77b1eab8e6c21b9825/LimitExceededException.java_922cc2e2897ca5f58faa8ad725708f13d7796f56,1,1,0
caelum/vraptor4/7487d13077edea97ee09ca8614b484c1b43c5c0c/DefaultLogicResultTest.java_ae97d4329f5e0f5e9bcd082630b9958c77773739,3,2,0
caelum/vraptor4/c0f0cbdff8417a5121102f0fa13fbc0f9fd7d7b1/DefaultControllerNotFoundHandler.java_22321649676f576becfef4bfaa94d9a82b3cb3cf,0,0,1
caelum/vraptor4/d2db2ee82e0ce97959ce198da23c0dcfb2ea6361/DefaultRouter.java_c1241dfc21127008c40d15322d2c3f45fa683374,1,1,0
caelum/vraptor4/dafdd0b9343918adba5cef256e489b38c68cfa83/VRaptor.java_939ca163e7a336d0bcd32dd6df7c72e9d44962ea,1,1,1
cglib/cglib/e734a97d4a6ab4c04f82ba79996bf27b12f5156a/TestEnhancer.java_ee4795db7eea7423a3ad7fde1494d79cc794feb9,0,0,1
BroadleafCommerce/BroadleafCommerce/2156b138591c8dac44feceff4ecb350a1a9b7292/BroadleafThemeProcessor.java_ed23464c2d8836d5c602ac988939a906f8ff69dc,1,1,0
BroadleafCommerce/BroadleafCommerce/4b78afee1c3793d9eaf3f12ec640fc769f00a85d/StatisticsServiceImpl.java_dd095992d1765cb97051452dbfc3032ff8b52d33,2,0,2
BroadleafCommerce/BroadleafCommerce/55ce56a517aa7c2d952cf97f6e2a66696d187d2c/SkuFieldServiceImpl.java_632a3ac8777932cf0816f8ff277013999684135a,2,1,1
BroadleafCommerce/BroadleafCommerce/9a7a215ac9e7a8da11a700061c459b92e48a4560/DynamicEntityRemoteService.java_71e2dc6bb823c39be24257be3fbc2fbb4d66b331,2,2,2
BroadleafCommerce/BroadleafCommerce/b2a9625a2da1de433a00f59e3aa0231c7d90f5c1/ExploitProtectionServiceImpl.java_2c905003c2d9e5193733c890dc8cdcb0269fb75b,1,0,1
BroadleafCommerce/BroadleafCommerce/fa4b5d825807cd4295efb4c79004c53f32b18dbd/PageTemplateCustomPersistenceHandler.java_db833ee8c36eaaafe440cfc8ff02287be3af73c5,1,0,3
stratosphere/stratosphere/25c6b89e116825607b16cbbe1af9bf0f89c00645/NepheleJobGraphGenerator.java_376b304dc4c67b4ea7430b10232193c0db9963c2,0,0,0
apache/commons-codec/c2b70e8e34a7c8ebd4c60e287c73f1e95526b2f5/B64.java_f045fcbc84893d86ef71c6705ea057495b4ec114,1,1,0
apache/curator/6e3c9e27b8e6e2cda6ad146b8a63a60346badb0d/PathChildrenCache.java_ce267e2af7692008d0b70000d430d510b33bf940,2,2,0
apache/curator/9a03ea93937af047e8ad13c2e3e3559520abfb0a/ConnectionStateManager.java_ac0b2c7eff5a6ace4264ab9ad24fb1d100e4dbe9,1,1,2
apache/curator/9a03ea93937af047e8ad13c2e3e3559520abfb0a/FailedDeleteManager.java_727ed767a59c106a571aa2bcfce14a8026c72d21,1,1,0
apache/curator/9a03ea93937af047e8ad13c2e3e3559520abfb0a/OperationAndData.java_b37ad87b87b28a0793f5ac80d2dcf95e1fa60451,1,0,1
apache/curator/9a03ea93937af047e8ad13c2e3e3559520abfb0a/TestResetConnectionWithBackgroundFailure.java_bf31e12dd95aca3be70b5cb2eb3b258ae72ad694,13,7,1
apache/curator/9a03ea93937af047e8ad13c2e3e3559520abfb0a/TestingZooKeeperMain.java_582df49916282be86c271fd4c1f91b07fe56a6a6,2,0,1
apache/curator/da7f18c618eb51e6aaaff7b10f79240cefaf0183/PersistentNode.java_c1fb4fba772f2d236131680d3c847e1e7be737bd,0,0,0
apache/avro/c299da64ee53de57ea34e589b858d7fe8ada72fd/Symbol.java_0c3073b3bf3a050d6405d7fe020cb29769fdba60,1,0,1
OpenHFT/Chronicle-Map/1441fe02f2a6964c73c98624bb8c21640ed668c5/TCPSocketReplicationBootStrapTest.java_2e5a7158e61b29098d3ecfbee28eeb7ac8b42eae,1,1,0
OpenHFT/Chronicle-Map/bf4a27342fef968ea2933152661816090104e1a4/ChronicleMapConvecter.java_884774124faa8fce717c56eab390029dbff33b5a,1,1,0
jmxtrans/jmxtrans/a01caaed066b6b1217d39b2c406828b9c6e632b7/JmxTransformerIT.java_ec8a63ed5f24683fbb4ac3b94288c178d037b8bf,1,1,0
jmxtrans/jmxtrans/f8a05a23a5acedb2dab704e53fe09d782d3b3b6a/FileConfiguration.java_2896e1a441722842c1e4ca8565032a4c9e093910,0,1,0
internetarchive/heritrix3/73db3ac6288b7f372eadd59916bcc111c3289c4f/CookieStoreTest.java_56753f17359a08d80298f826069af2c5bedc813f,1,1,0
internetarchive/heritrix3/e1476401ac71290e94110eca235173b6662dad82/AMQPUrlReceiver.java_a34a87af5f3bed23534d7c2f880816fa7099f798,4,1,1
internetarchive/heritrix3/e92e5f2bb38f8861695b1eb0127df9b6c32566d7/HTMLForm.java_c69e6920f089559fe251ca1179822e0423d81c7a,1,1,0
nishio-dens/bitbucket-pullrequest-builder-plugin/65d4d19adf3ab11b7327aa2f0a54199ddc32a7cf/BitbucketBuildRepositoryTest.java_2a3a1fda389451764bf435e868b99e35bb29de76,4,0,4
eclipse/vert.x/dbf20134629819edaa9d29c55cfbea83c7f7a258/HttpTest.java_9af68e2e77c7cdff732198b0e72988c917bc3bdc,0,0,1
jmock-developers/jmock-library/f4dbcaf8ec0c63cadb5d3ac30af83876d65b20f0/PrimitiveParameterTypesAcceptanceTests.java_893fbb3a8832c317d38457206ae55701f58f6b39,1,1,0
biojava/biojava/0475c1548c3a0bb028a60eda41bf84b7db9a3ae2/MmtfStructureReader.java_a57b253da3212b32499c6ee6104ab35d73b7f772,1,1,0
biojava/biojava/1206ace463fc42d6bd0d4a67a354514e877e0226/ProteinModificationIdentifier.java_014226ebcb356929b4e1c2c69f1c1b19e216809c,0,0,2
biojava/biojava/1206ace463fc42d6bd0d4a67a354514e877e0226/SymmetryTools.java_212325e8cc4a63736264969028a217a4fd2b9e72,2,1,1
aws/aws-dynamodb-session-tomcat/e9214bcf73462ba929652025404a95f8689430b4/DynamoDBSessionManager.java_cb9694670b0fddc72b98b6d99add13ed5980ed7b,2,2,0
aws/aws-dynamodb-session-tomcat/e9214bcf73462ba929652025404a95f8689430b4/DynamoDBSessionStore.java_77e4947a4ddf0d5a3b533efca8fe87f0f7633484,7,0,3
aws/aws-dynamodb-session-tomcat/e9214bcf73462ba929652025404a95f8689430b4/DynamoUtils.java_9ab74281e5ffbe04ba65673db61c4ab35f2c2cd5,1,1,0
NGDATA/hbase-indexer/69d7e0e323213027d45cd223ade94fab6b78f965/HBaseIndexingOptions.java_c77e6e48683aa1dca317cad11ecd7986354b17a1,1,1,0
stormpath/stormpath-sdk-java/43e34228aad955ad5b632e56be247c24766b426f/DefaultApplication.java_95ef1c6cb5cfb115780c0b48dbf0ea15a2bd06cd,2,1,1
stormpath/stormpath-sdk-java/ac776a2de0fdcb9059aefeb822fe2b0ca1c6e83d/DefaultClientBuilder.java_d677c8833da3afd2614861823ed1eefafda78764,0,0,1
stormpath/stormpath-sdk-java/fd884a8a77cded52398f765beb3205c11545d9cf/AbstractStormpathWebSecurityConfiguration.java_da8b249cbde534ded80763d61fcd2bd70a7e5bc0,0,0,1
Stratio/stratio-streaming/3e9d33bd34f1238cf2dccf0b37fb8e508ab5a253/StreamingEngine.java_717193b51c97dd99881bdf3acc9575e5661821a0,5,4,0
Stratio/stratio-streaming/8595a6ea594773c2360fa21e80560b283f4df91d/StreamingEngine.java_717193b51c97dd99881bdf3acc9575e5661821a0,5,4,0
Stratio/stratio-streaming/8935fd7a38bc18681c08d8227d40b03bcf4b92cb/StreamingEngine.java_717193b51c97dd99881bdf3acc9575e5661821a0,5,4,0
Stratio/stratio-streaming/e4fbf831de9ed5cb5e4427fb9ba3cfd89776c387/CassandraConfiguration.java_6e4f532f2545788fb7eec279934c5790e65c611c,1,0,1
Stratio/stratio-streaming/e4fbf831de9ed5cb5e4427fb9ba3cfd89776c387/StreamingContextConfiguration.java_b05dc53dde33dad18d4d7cb42c932268ff245f11,0,0,1
Stratio/stratio-streaming/f3f82047e2cb3851bf7ab12c2e39caca37b6a968/StreamingContextConfiguration.java_189da371a8d1b23dbb32d94c5f58bc9da362813c,4,4,3
Stratio/crossdata/33480abb3a9a95d29341b845008dcd74361e3236/ConnectorMetadata.java_bf82d86e20e217b4262aefff9e6291dbfb14f626,1,1,0
Stratio/crossdata/33480abb3a9a95d29341b845008dcd74361e3236/ManagementWorkflow.java_0c4690be526a92ef6e059aa1805cd39cfcfa239b,1,1,0
Progether/JAdventure/619ef14c5c275b28bb1e5eb61cb06d2b0571c886/Game.java_afab6749d2cd66bd2837c157395ba3071d80bea6,1,0,1
Progether/JAdventure/9ce4a7106cb271c5b47f4d5a7fadf9688989af94/LocationType.java_2a974694d2d0c0fa0060c64b24dda1cbd3ffb009,0,0,1
Progether/JAdventure/e8b11ca368df8693d0b058270762a3baaec76605/EntityTest.java_f7c26cb73d9fe67481e1eefd43b640f2795d54c4,1,1,0
xebia/Xebium/a82603c978dd1a1ec2277381ae197a01dc552f90/SeleniumDriverFixture.java_b218fa773a6e24834eb3067b69467e4095548440,0,0,0
xebia/Xebium/cbfab438393258e91f8f54b6020f3fd8c8c4cc9f/SeleniumDriverFixture.java_b218fa773a6e24834eb3067b69467e4095548440,1,1,0
dell-oss/Doradus/f722ac9e47c593aef2cfc84bb6361e444f74c6e8/RESTService.java_0a8debbd74b62cf8e94bea667969f2241e4dd8d9,1,0,1
openshift/openshift-java-client/888355d3d7a749bff42659154dc35ff294367628/AbstractOpenShiftResource.java_bb0ec8b4c27a876547bf511d106f83a332ec3d1e,1,1,0
openshift/openshift-java-client/888355d3d7a749bff42659154dc35ff294367628/DomainResource.java_6d56854b1ee6c5bfc2aa7f8bf117929ac5b1a6af,2,2,1
openshift/openshift-java-client/888355d3d7a749bff42659154dc35ff294367628/DomainResourceTest.java_08abcc352287a3d3864ff4735e8831c6d028c858,1,1,0
openshift/openshift-java-client/888355d3d7a749bff42659154dc35ff294367628/FormUrlEncodedMediaType.java_ec6c1bcb449b77e050f8ff6a5c7eae5e80fac851,1,1,1
openshift/openshift-java-client/888355d3d7a749bff42659154dc35ff294367628/IHttpClient.java_1011733315f804078d389ed956ee43cb8816c8a4,0,0,6
openshift/openshift-java-client/888355d3d7a749bff42659154dc35ff294367628/IMediaType.java_d96daa97a916578932c884785b6853e1afe13945,1,1,1
openshift/openshift-java-client/888355d3d7a749bff42659154dc35ff294367628/IOpenShiftJsonConstants.java_a1f35d88a1a2cceda011568144cecfc0bb3d094a,1,0,0
openshift/openshift-java-client/888355d3d7a749bff42659154dc35ff294367628/PayLoadReturningHttpClientFake.java_b6a80c3b1bea05d720d8f6cc9155b71dfa793642,1,1,1
openshift/openshift-java-client/888355d3d7a749bff42659154dc35ff294367628/RestService.java_d777966ca16117fc12eaf95ec580762f2dddb742,6,0,5
openshift/openshift-java-client/a13751f07c2b84f3e5656bab392f89f11aa36503/ApplicationAssert.java_05b10db1594ceb6189c321369955345e18377b27,0,0,1
BaseXdb/basex/3da00f8b7d33674b5d6c764a1c44e36b2150efee/Type.java_f3da41722ee073a01b929ab10c835a8ce6b13850,1,0,0
BaseXdb/basex/43406446418fa0817a16ba8bab3fe2548774aa35/Err.java_14a95f5c19097ab9c998dd53186b44612513b79d,0,0,1
BaseXdb/basex/5fcb39f982024e252a23fcc1bb62c4760902f6b4/Bln.java_b80f04dd72d7bedb45882b2cb2dfde0b3fa570eb,1,1,0
BaseXdb/basex/5fcb39f982024e252a23fcc1bb62c4760902f6b4/FNFunc.java_01fec9cbf6824e53d66f43d8f446817bc59fdecb,2,1,2
BaseXdb/basex/5fcb39f982024e252a23fcc1bb62c4760902f6b4/FNSimple.java_97cb067e5e0d83368770a9e6a2c96d5193406e26,2,1,1
BaseXdb/basex/5fcb39f982024e252a23fcc1bb62c4760902f6b4/HttpClient.java_3f6b46426305b21fea8e36714488db6a6cb27264,1,1,0
BaseXdb/basex/5fcb39f982024e252a23fcc1bb62c4760902f6b4/Type.java_f3da41722ee073a01b929ab10c835a8ce6b13850,1,0,0
BaseXdb/basex/a84f8bd7b07a0a249be19d651fc8f0c628f677bb/GUI.java_8310da8e28175bc46d1f1e653033dad21d3ef08b,0,0,2
FasterXML/jackson-datatype-guava/3ee74a3b1dfa156c398cf910fda03bd37cc40b59/MultimapSerializer.java_cf577e003bc478d86f1ce247eb9a5ce5953b1eaa,7,0,5
dcm4che/dcm4che/eabc8cb593e0c682dac2f88a3d0c8d3acd0f17ef/PersonName.java_c9bea34848ebb21c36f7b045e08a0ea2bce9b1fa,1,0,0
jcabi/jcabi-github/26cda5a366cc3d44e4fc4265b18c085d7cf6de2e/RtHooksTest.java_3418eb6a5177cf48c2a9350d0779c47656891f98,1,1,2
jcabi/jcabi-github/6fffc8a4eb6c480a1ce771a58df1d54f783beb45/RtRepo.java_834cf1d6444b04a4fdf95a9ca5a75ef0a01b9898,0,0,1
jcabi/jcabi-github/b753098546c4fce159d88e863277216c3ec2e845/RtReleases.java_f71ce722c819f757a0bcd32af16fe80d1e2196d0,2,0,2
kohsuke/github-api/c1a77ada5d08f2de53c1eb8e0499414cc8645d9b/Previews.java_ce7423fb51c543a8773135c54c86ee90c8ccf6dc,1,0,0
kohsuke/args4j/1e85f8a904541424b592659995dc5a40a1ba6056/CmdLineParser.java_b08579a592e74d724535bb47361e5d4c52fb8d6a,0,0,1
kohsuke/args4j/da7de2b8b1be12fb646997b97d2deec63eaa4c0b/CmdLineParser.java_b08579a592e74d724535bb47361e5d4c52fb8d6a,1,1,3
joel-costigliola/assertj-core/0536ebda46c31e95aeb2dfef04496c79ed874dbc/AbstractIterableAssert.java_290aedf39f73f6f6101bf4249285feec792a0a2a,0,0,2
joel-costigliola/assertj-core/0536ebda46c31e95aeb2dfef04496c79ed874dbc/AbstractObjectArrayAssert.java_0a380d4b46cedd41a5a340096f991fea62a10d77,0,0,2
joel-costigliola/assertj-core/0536ebda46c31e95aeb2dfef04496c79ed874dbc/Assertions.java_c4a7333876249448263dd1ec9a30ba881b551fe0,0,0,2
joel-costigliola/assertj-core/0536ebda46c31e95aeb2dfef04496c79ed874dbc/Descriptable.java_47fb7da7edd77a1b933b71bae2c8511445d89043,0,0,1
joel-costigliola/assertj-core/1ddb7c4c776a5574f804772fb843a81818a94ff1/BDDAssertions.java_964b3f2771d7d4aba35ecf0b65466b87f3b01648,10,2,0
joel-costigliola/assertj-core/1ddb7c4c776a5574f804772fb843a81818a94ff1/BDDAssertions_then_Test.java_825b7560b26f0ceeb5ecc26ca64983f7713760d5,2,2,2
joel-costigliola/assertj-core/239461d2e1692eef909db34ccbbd3bca74aac67b/AbstractIterableAssert.java_290aedf39f73f6f6101bf4249285feec792a0a2a,1,1,4
joel-costigliola/assertj-core/239461d2e1692eef909db34ccbbd3bca74aac67b/AbstractObjectArrayAssert.java_0a380d4b46cedd41a5a340096f991fea62a10d77,4,4,4
joel-costigliola/assertj-core/239461d2e1692eef909db34ccbbd3bca74aac67b/ObjectArrayAssert_extracting_Test.java_7e3049a98e74ce00780a667a8e4fdaf7dbeac172,1,0,1
joel-costigliola/assertj-core/239461d2e1692eef909db34ccbbd3bca74aac67b/ShouldBeEqualByComparingFieldByFieldRecursively.java_9ef5d680842cba1a4ab83e7871ade5e659555bb3,2,0,0
joel-costigliola/assertj-core/239461d2e1692eef909db34ccbbd3bca74aac67b/StandardRepresentation.java_71c356f04002df9bc64ba3319651e44e3d2b7b7c,4,0,1
joel-costigliola/assertj-core/87fb5872665ad8d1c72f7d76c278bd7e8af5e762/Iterables.java_3f412b9cc07fc76865973f7675203f9fe424f103,0,0,1
joel-costigliola/assertj-core/97b9e58794780f7dce0c49796e5db7ae2b95e7a6/BDDAssertions.java_964b3f2771d7d4aba35ecf0b65466b87f3b01648,0,0,1
joel-costigliola/assertj-core/97b9e58794780f7dce0c49796e5db7ae2b95e7a6/IterableAssert_extracting_Test.java_a6aa14559498c0710a2d9935b323d85aff728483,0,0,1
joel-costigliola/assertj-core/b36e8eaedb5eff543436358200741fa9ce3d47bd/Assertions.java_c4a7333876249448263dd1ec9a30ba881b551fe0,0,0,2
joel-costigliola/assertj-core/b36e8eaedb5eff543436358200741fa9ce3d47bd/ListAssert.java_48122bfdf3a066ca524a389d12d418a15de558ca,1,1,1
joel-costigliola/assertj-core/c85be7b3c81624c9ada99251b31ec677cbd338a6/Introspection.java_5dc553d2386460bcc4bbca86e5d557886e7dfe90,1,1,2
joel-costigliola/assertj-core/c85be7b3c81624c9ada99251b31ec677cbd338a6/Introspection_getProperty_Test.java_e974ffef76c1348387abb2ed21205bb22142a8ed,4,4,0
joel-costigliola/assertj-core/eefd0397186144275d235d7a27506d71475c6e2b/Assertions.java_c4a7333876249448263dd1ec9a30ba881b551fe0,0,0,1
joel-costigliola/assertj-core/eefd0397186144275d235d7a27506d71475c6e2b/StandardRepresentation.java_71c356f04002df9bc64ba3319651e44e3d2b7b7c,0,0,1
joel-costigliola/assertj-core/fd2d28492a5a003607c46fab2058a21c4f798b4b/StandardRepresentation.java_71c356f04002df9bc64ba3319651e44e3d2b7b7c,8,5,1
joel-costigliola/assertj-core/fd2d28492a5a003607c46fab2058a21c4f798b4b/StandardRepresentation_toStringOf_Test.java_4236fda382727dd6b898f67a17c8a73c824414e9,1,1,0
skyscreamer/JSONassert/8b2593cd7449b1496c9ff3844db6f0592a049052/JSONAssert.java_785b792a116417c0b29f566c7937a39fb55060c6,2,0,0
versly/wsdoc/b31f68ecbc00ed949e9da700d3e2fc51136690bc/AnnotationProcessor.java_ff82d5ac962e9f8de9a8454533e80c369d7f9104,1,0,0
versly/wsdoc/b31f68ecbc00ed949e9da700d3e2fc51136690bc/Utils.java_3f5c599fbfe756a4736a8372be2937780c0553aa,1,0,1
ontop/ontop/0c4c27d7d847ec596e02f8a75448f3fa1e9b5d83/LegacyABoxFactIntoMappingConverter.java_fff4292e7198d65aab193131a25f421c31ef33f4,2,2,5
ontop/ontop/0c4c27d7d847ec596e02f8a75448f3fa1e9b5d83/OBDAModel.java_5d80f7176bc0b76693bba4c97f14e828007ca7e1,1,1,0
ontop/ontop/0c4c27d7d847ec596e02f8a75448f3fa1e9b5d83/ReformulationTestingTools.java_0c94a9b75d32180f41f6c2c7a7d0bd5a0a40bafe,2,1,0
ontop/ontop/0c4c27d7d847ec596e02f8a75448f3fa1e9b5d83/UnionFlattenerTest.java_eabdf6e97d9f91cc0eb097bcd556b92f1e6b344c,1,1,1
ontop/ontop/88ef35c421b2cabe882243f498833731981b9f82/RedundantSelfJoinTest.java_3566f00a1ab05f0bf2cd247a16995410bd34e841,1,1,0
ontop/ontop/af3862ff883092d6658172065fdc06ebf8752edc/RDBMetadata.java_a90b54e3455bbc0abc51a6e024359b2a2db43be1,1,1,0
ontop/ontop/d9e06c79fafa1d1183755e2ac543919de99b9035/NodeBasedQueryTransformer.java_0ad905756a67c0f0488a9f39cd8bdd9da7de1cf4,1,1,1
ontop/ontop/d9e06c79fafa1d1183755e2ac543919de99b9035/QueryRenamer.java_a673196ef5ec1499fe64ebd94327d949350a0a1b,2,2,1
forcedotcom/phoenix/0583c7a88d8615719104b3de0a4d09c0b4175af7/UngroupedAggregateRegionObserver.java_d674d833a9e10f7c15694324821b9f9d97ab42cb,2,0,1
forcedotcom/phoenix/b0eccd7149092904a90f8afa6e4d46bab37cd5cb/BaseTest.java_2c4e22ea2126edb75c6ed404c358dd810d6edde3,7,6,0
forcedotcom/phoenix/b0eccd7149092904a90f8afa6e4d46bab37cd5cb/ExpressionType.java_ca52255ade6e1479ecfb023e61398b33348c83ab,0,0,1
forcedotcom/phoenix/b0eccd7149092904a90f8afa6e4d46bab37cd5cb/TestUtil.java_e9c8225382010736d00d212004fd30d2ebd2a3e5,2,0,0
forcedotcom/phoenix/eb875d57be3a94c253eb3d71bc33026b817d36db/QueryServices.java_ae60fdaa1ab2117350bce2c4d027fbad0d5ecd77,1,0,0
forcedotcom/phoenix/eb875d57be3a94c253eb3d71bc33026b817d36db/QueryServicesOptions.java_8af68ea4dc95f6be65e1a75a3ee777aa1c65379d,2,1,0
forcedotcom/wsc/f617922ebb458d3e0df5769ad3792a1e683b05b1/BulkConnection.java_3939f6904262132ecb58365bf3c43c0ff7a5a69c,0,0,22
forcedotcom/wsc/fbe96dcc60f8cf1c6b03ff142fed907842ceed65/Types.java_36f259ff337f2dc61ce7bd11e00a5c60e7b413a2,0,0,0
hector-client/hector/395aa4fb76299eb90029bc85494c570254fd7523/CassandraClientFactory.java_5a9a1f54f5e0d6f477c91e0727893a86c482235c,1,1,0
hector-client/hector/395aa4fb76299eb90029bc85494c570254fd7523/CassandraClientImpl.java_f4792ee7ad13f468f4be48c96d6790cae4ce408a,0,0,1
hector-client/hector/395aa4fb76299eb90029bc85494c570254fd7523/KeyspaceImpl.java_9589fd4a57b5675119880bfae0dc5feda31182e9,2,1,1
hector-client/hector/395aa4fb76299eb90029bc85494c570254fd7523/KeyspaceTest.java_7eb1b310295c6d5e08d6145850198d965c36feb9,1,0,1
hector-client/hector/81d97c7856d93a8808be98964cc6018db1b97c6b/ComparatorType.java_628f810972602682fe87329a26ef05079b6191ef,1,0,1
hector-client/hector/a924f4184388e6f3aec2d6276a2a345e346ad3de/ColumnParser.java_da0a971f65a4dbb4f1085bc6c14e055b76f1a485,1,1,0
linkedin/camus/19ca2505b3c10e89c00bcd08cddf19a4a48385a5/CamusSweeper.java_fd11e5c1048bec662e96c4adc14938fce33c965d,1,1,1
linkedin/camus/69055e649807e6b9e7fc6b3ad3359e15d0db3230/EtlInputFormat.java_ac84698356a78a7efe24a81c5f4d37573f7d0953,2,0,0
linkedin/camus/bd548b6a11b1dabc6e2bff5c4699363c187f388e/EtlInputFormat.java_ac84698356a78a7efe24a81c5f4d37573f7d0953,1,0,0
davidB/scala-maven-plugin/333edc0dba04f92efe69f3cea8736eae973c7b02/ScalaCompilerSupport.java_eab8efd95dab9cbaf0e29dabfc1e5d5fc649b106,0,0,2
threerings/getdown/ac499c1e3c4dc81fadfe3e64e617357892c5d0e8/Application.java_c9e9147222d1fdc5039501f6df720c9acbd05908,2,1,0
threerings/getdown/ad32699ca3156b8423fe198b0486c346f18cafbc/Application.java_c9e9147222d1fdc5039501f6df720c9acbd05908,0,0,1
threerings/getdown/f087863098a6bc43551643f94cbe1893348773e6/ProxyUtil.java_c80e9cb36861dacc057d865cd66d9f5dde0710bd,2,2,1
yandex-qatools/htmlelements/18bc0ea96e12cc52d2a6c01ff87d07643b690cff/MatchersUsages.java_7f5e3c969995160cb09eace054eb9cb16e04dfb8,1,1,0
yandex-qatools/htmlelements/8ed65734b6b6b0a338c2b4ad7c9e1dd5374305a1/MatchersUsages.java_7f5e3c969995160cb09eace054eb9cb16e04dfb8,1,1,0
yandex-qatools/ashot/c885c16709720ca016eeaad7056c0a39a9490878/AShot.java_6024ce672f1bea0d904c2380da9ebfabe3841a10,1,0,0
yandex-qatools/ashot/c885c16709720ca016eeaad7056c0a39a9490878/IndentCropper.java_553a21cf1498b36ed39d9bbf73c901c4bb533305,2,0,1
LucidWorks/spark-solr/7758ec85cfe942103f2ac29a9576c0bbac1b820d/FusionMLModelSupport.java_0c4f09bc0913a496a9e6b67f1bf76aaad1afa324,1,0,0
HubSpot/Singularity/088ea9ad36326c90506b4faeb9c4638484e5da29/SingularityConfiguration.java_264130306318e08940cd2183e7471ace19cc4900,3,2,0
HubSpot/Singularity/26efb7cf19ff132baeea3b2d19f165856cf09f25/SingularityMesosSchedulerImpl.java_e5928a82a201cf431c0e4b0ff6461d711b9fd2c9,1,1,0
HubSpot/Singularity/550baaa4712be924065c3b994deb1003ea97aadc/SingularityClient.java_a3c0c8c6c0f0601487d2143d94752e6112a7cd47,1,0,0
HubSpot/Singularity/550baaa4712be924065c3b994deb1003ea97aadc/SingularityTranscoderModule.java_d0ad70d778d363ce997cd484eb7196b0cab2ccc4,1,1,1
HubSpot/dropwizard-guice/c432efe036ebd2594ce85960e5a0d2166ec7159a/GuiceBundle.java_daa2e7f5d81de5f9355d19a9845eda2fd5a28cf4,1,1,0
greenmail-mail-test/greenmail/4d9ceda12f87fd3ed9b7e9d79e2f577ea2a72dfe/ImapSearchTest.java_1341017d7101ae22a82c0c24f0f616557c45ddfa,9,4,5
greenmail-mail-test/greenmail/4d9ceda12f87fd3ed9b7e9d79e2f577ea2a72dfe/SearchCommandParser.java_9cb71521effc30cb829d2704137a816786f257f9,1,1,0
greenmail-mail-test/greenmail/4d9ceda12f87fd3ed9b7e9d79e2f577ea2a72dfe/SearchTermBuilder.java_c0ae317a0ac9e00e63077815b2ce7ec12de7aa10,0,0,3
greenmail-mail-test/greenmail/8a015c16ffe0bdcb407436f147152bf323b56dbd/GreenMailUtil.java_a62dd62585fbf44ece9b27aebf516eb5ce9a37ef,0,0,1
Bluelock/camel-spring-amqp/b35bb9daf4bf1d8c6686f3d92e566a48dc5043e8/SpringAMQPComponent.java_aa948afcb109969358616c1ec24c0b5454dc4cf6,1,0,0
Bluelock/camel-spring-amqp/b35bb9daf4bf1d8c6686f3d92e566a48dc5043e8/SpringAMQPHeader.java_32a764a1e41638d4340d3c6a92e2b5f6a72657f3,1,1,1
Bluelock/camel-spring-amqp/c31678d8644cd608d2b55d4f3e8c28c103c9604c/SpringAMQPEndpoint.java_b3dc5b056c73548c458ba0a6e581102d878c2a6c,1,1,0
Bluelock/camel-spring-amqp/c31678d8644cd608d2b55d4f3e8c28c103c9604c/SpringAMQPProducerTest.java_03c7e94bd0c9d73996675485884889057e53fde7,2,0,0
flyingsaucerproject/flyingsaucer/95bfc21a868b15c0753e179040dabb40b59f6b09/CSSName.java_bb2f7e8e96f1b62e8ea4d439d7db4ad909c87080,2,0,0
flyingsaucerproject/flyingsaucer/95bfc21a868b15c0753e179040dabb40b59f6b09/PrimitivePropertyBuilders.java_7cf8b8622904a26c4c0a8d8d2ca459d15ddee30c,2,0,0
mboudreau/Alternator/3322caba24e3adcbf5fdfa7c3777fa9f0c761580/AlternatorScanTest.java_74b7b88c5b97aeeef4ea11870831b5bff2b3bf23,0,0,1
mboudreau/Alternator/4d928444e61ef0a960d6f40db7ec5fd8406e110a/AlternatorBatchItemTest.java_8e0f5e13fe029b15565cd22d2d76639510cc25a9,1,1,0
mboudreau/Alternator/9adf68eb8af7a41af55b72a8cd6a5b6191b7026c/AlternatorTestSuite.java_de59003af69573dc4de83c9de628d69b79673f01,1,1,1
mboudreau/Alternator/e98877f87081708e446b278c812eb504565ff5f9/AlternatorDBHandler.java_7390fc17ae20ea77788a5a8f2bb5e55b661f31f7,0,0,1
mboudreau/Alternator/e98877f87081708e446b278c812eb504565ff5f9/AlternatorTest.java_f8b2346d62c2f74f0f9804170e2b243bf775dc90,0,0,0
kairosdb/kairosdb/d632e4732f495826217b7bd2edc75505226de02c/CassandraConfiguration.java_d75550a109e384ad9e3314b0d97e508d258a7d83,2,1,0
maven-nar/nar-maven-plugin/436a5cc07ad6d54972e719e8f23d0265593632e2/Msvc.java_2f95f37862651eace4a93b39b958197e5baba6ed,0,0,1
maven-nar/nar-maven-plugin/f094671078becaaf84107cb3859f4a41a66be2af/AbstractCompileMojo.java_c5b8ff1d492f4741187f5533005f400f33df87be,2,1,0
devbliss/mongojack/913d3ce6432d691fed1c559885b45cae303f38fb/JacksonMongoCollection.java_60078b196900929dedd0ea2a9c9bdf5af8a92daf,3,0,3
devbliss/mongojack/fd3d13ebd7a8a6acbb0e0ffd70acc14e1a1caf3f/JacksonDBCollection.java_9cb54ace7b16960b88abdbaf3b399bf47247de76,1,1,1
devbliss/mongojack/fd3d13ebd7a8a6acbb0e0ffd70acc14e1a1caf3f/JacksonDBEncoder.java_4301bc19f5ba8878a35fbc73bb4de9926a87471f,1,1,0
devbliss/mongojack/fd3d13ebd7a8a6acbb0e0ffd70acc14e1a1caf3f/JacksonDBObject.java_859bf18f568b2db29043337e45c9ea80118e4737,1,1,0
devbliss/mongojack/fd3d13ebd7a8a6acbb0e0ffd70acc14e1a1caf3f/TestJsonViews.java_be5313eed4a2488d18db7be6c67829f6ae9390ac,1,1,0
